committer_date,file,current_CBO_class_sum,current_LCOM5_class_sum,current_WMC_class_sum,current_RFC_class_sum,current_DIT_class_sum,current_NOC_class_sum,current_NPM_class_sum,current_CC_class_avg,current_CC_class_max,current_RFC_class_sum.1,current_CC_method_avg,current_LOC_file,is_inducing
2017-05-25 14:37:17-04:00,nifi-nar-bundles/nifi-extension-utils/nifi-record-utils/nifi-avro-record-utils/src/main/java/org/apache/nifi/avro/AvroTypeUtil.java,11.0,1.0,137.0,45.0,0.0,0.0,9.0,0.115033,0.115033,45.0,0.1042085714285714,638.0,True
2017-06-07 12:03:53-04:00,nifi-nar-bundles/nifi-extension-utils/nifi-record-utils/nifi-avro-record-utils/src/main/java/org/apache/nifi/avro/AvroTypeUtil.java,11.0,1.0,138.0,45.0,0.0,0.0,9.0,0.0554871,0.0554871,45.0,0.0741110714285714,642.0,True
2017-05-25 16:45:20-04:00,nifi-nar-bundles/nifi-framework-bundle/nifi-framework/nifi-framework-core/src/main/java/org/apache/nifi/controller/FlowController.java,261.0,17.0,602.0,920.0,8.0,0.0,183.0,0.0986314545454545,0.954545,920.0,0.0677253971291866,4461.0,True
2017-07-06 13:43:56-04:00,nifi-nar-bundles/nifi-framework-bundle/nifi-framework/nifi-framework-core/src/main/java/org/apache/nifi/controller/FlowController.java,261.0,22.0,617.0,936.0,8.0,0.0,200.0,0.0984274545454545,0.954545,936.0,0.0626310088495575,4539.0,True
2017-08-10 18:41:24-07:00,nifi-nar-bundles/nifi-framework-bundle/nifi-framework/nifi-framework-core/src/main/java/org/apache/nifi/controller/FlowController.java,261.0,22.0,619.0,940.0,8.0,0.0,201.0,0.0979742727272727,0.954545,940.0,0.0624127168141592,4547.0,True
2017-08-17 10:42:29-04:00,nifi-nar-bundles/nifi-framework-bundle/nifi-framework/nifi-framework-core/src/main/java/org/apache/nifi/controller/FlowController.java,264.0,22.0,620.0,944.0,8.0,0.0,201.0,0.0979924545454545,0.954545,944.0,0.0624303362831858,4557.0,True
2017-05-26 21:05:45-05:00,nifi-nar-bundles/nifi-site-to-site-reporting-bundle/nifi-site-to-site-reporting-task/src/main/java/org/apache/nifi/reporting/SiteToSiteProvenanceReportingTask.java,14.0,12.0,68.0,13.0,4.0,1.0,15.0,0.110699,0.110699,13.0,0.0219031538461538,482.0,True
2017-06-01 15:31:35-04:00,nifi-nar-bundles/nifi-standard-services/nifi-hwx-schema-registry-bundle/nifi-hwx-schema-registry-service/src/main/java/org/apache/nifi/schemaregistry/hortonworks/HortonworksSchemaRegistry.java,15.0,8.0,58.0,13.0,3.0,0.0,18.0,0.279011,0.279011,13.0,0.2075938461538461,428.0,True
2017-06-02 13:01:13-04:00,nifi-nar-bundles/nifi-elasticsearch-bundle/nifi-elasticsearch-processors/src/main/java/org/apache/nifi/processors/elasticsearch/PutElasticsearchHttpRecord.java,43.0,1.0,74.0,79.0,6.0,1.0,20.0,0.272685,0.272685,79.0,0.270151,566.0,True
2017-05-25 14:37:17-04:00,nifi-nar-bundles/nifi-extension-utils/nifi-record-utils/nifi-avro-record-utils/src/main/java/org/apache/nifi/avro/AvroTypeUtil.java,11.0,1.0,137.0,45.0,0.0,0.0,9.0,0.115033,0.115033,45.0,0.1042085714285714,638.0,True
2017-06-07 12:03:53-04:00,nifi-nar-bundles/nifi-extension-utils/nifi-record-utils/nifi-avro-record-utils/src/main/java/org/apache/nifi/avro/AvroTypeUtil.java,11.0,1.0,138.0,45.0,0.0,0.0,9.0,0.0554871,0.0554871,45.0,0.0741110714285714,642.0,True
2017-06-09 13:54:10-04:00,nifi-nar-bundles/nifi-framework-bundle/nifi-framework/nifi-authorizer/src/main/java/org/apache/nifi/authorization/AuthorizerFactory.java,70.0,39.0,81.0,140.0,9.0,0.0,53.0,0.8117978333333333,0.9875,140.0,0.7875866964285715,427.0,True
2017-06-09 13:54:10-04:00,nifi-nar-bundles/nifi-framework-bundle/nifi-framework/nifi-file-authorizer/src/main/java/org/apache/nifi/authorization/FileUserGroupProvider.java,27.0,3.0,116.0,82.0,3.0,0.0,24.0,0.448283,1.0,82.0,0.2417444390243902,821.0,True
2017-05-25 14:37:17-04:00,nifi-nar-bundles/nifi-extension-utils/nifi-record-utils/nifi-avro-record-utils/src/main/java/org/apache/nifi/avro/AvroTypeUtil.java,11.0,1.0,137.0,45.0,0.0,0.0,9.0,0.115033,0.115033,45.0,0.1042085714285714,638.0,True
2017-06-07 12:03:53-04:00,nifi-nar-bundles/nifi-extension-utils/nifi-record-utils/nifi-avro-record-utils/src/main/java/org/apache/nifi/avro/AvroTypeUtil.java,11.0,1.0,138.0,45.0,0.0,0.0,9.0,0.0554871,0.0554871,45.0,0.0741110714285714,642.0,True
2017-06-09 16:13:25-04:00,nifi-nar-bundles/nifi-standard-bundle/nifi-standard-processors/src/main/java/org/apache/nifi/processors/standard/QueryRecord.java,26.0,14.0,64.0,26.0,5.0,0.0,31.0,0.0,0.0,26.0,0.0,598.0,True
2017-06-21 15:10:22-04:00,nifi-nar-bundles/nifi-standard-services/nifi-record-serialization-services-bundle/nifi-record-serialization-services/src/main/java/org/apache/nifi/grok/GrokRecordReader.java,5.0,6.0,36.0,8.0,1.0,0.0,5.0,0.0747508,0.0747508,8.0,0.015495875,228.0,True
2017-06-21 17:14:49-04:00,nifi-nar-bundles/nifi-extension-utils/nifi-hadoop-utils/src/main/java/org/apache/nifi/processors/hadoop/AbstractHadoopProcessor.java,24.0,2.0,60.0,74.0,4.0,10.0,29.0,0.0,0.0,74.0,0.0,526.0,True
2017-06-22 09:30:38-04:00,nifi-nar-bundles/nifi-framework-bundle/nifi-framework/nifi-framework-core/src/main/java/org/apache/nifi/controller/state/server/ZooKeeperStateServer.java,1.0,1.0,27.0,7.0,0.0,0.0,3.0,0.136364,0.136364,7.0,0.0630435,192.0,True
2017-06-30 17:56:14+09:00,nifi-nar-bundles/nifi-kafka-bundle/nifi-kafka-0-10-processors/src/main/java/org/apache/nifi/processors/kafka/pubsub/ConsumerLease.java,10.0,24.0,72.0,31.0,0.0,2.0,9.0,0.1663346666666666,0.306931,31.0,0.1811059677419355,651.0,True
2017-10-02 15:40:29-04:00,nifi-nar-bundles/nifi-kafka-bundle/nifi-kafka-0-10-processors/src/main/java/org/apache/nifi/processors/kafka/pubsub/ConsumerLease.java,10.0,22.0,71.0,29.0,0.0,3.0,9.0,0.3178673333333333,0.646671,29.0,0.407157724137931,649.0,True
2017-06-30 15:12:10-04:00,nifi-nar-bundles/nifi-standard-bundle/nifi-standard-processors/src/main/java/org/apache/nifi/processors/standard/GenerateTableFetch.java,20.0,3.0,38.0,6.0,4.0,0.0,19.0,0.105219,0.105219,6.0,0.1744417833333333,359.0,True
2017-07-27 08:43:00+02:00,nifi-nar-bundles/nifi-standard-bundle/nifi-standard-processors/src/main/java/org/apache/nifi/processors/standard/GenerateTableFetch.java,21.0,3.0,41.0,6.0,4.0,0.0,19.0,0.161341,0.161341,6.0,0.1889256666666666,381.0,True
2017-07-02 12:03:07-04:00,nifi-nar-bundles/nifi-standard-bundle/nifi-standard-processors/src/main/java/org/apache/nifi/processors/standard/LogAttribute.java,15.0,5.0,30.0,10.0,5.0,0.0,20.0,0.119898,0.239796,10.0,0.1839917,309.0,True
2017-05-25 16:45:20-04:00,nifi-nar-bundles/nifi-framework-bundle/nifi-framework/nifi-framework-core/src/main/java/org/apache/nifi/controller/FlowController.java,261.0,17.0,602.0,920.0,8.0,0.0,183.0,0.0986314545454545,0.954545,920.0,0.0677253971291866,4461.0,True
2017-07-06 13:43:56-04:00,nifi-nar-bundles/nifi-framework-bundle/nifi-framework/nifi-framework-core/src/main/java/org/apache/nifi/controller/FlowController.java,261.0,22.0,617.0,936.0,8.0,0.0,200.0,0.0984274545454545,0.954545,936.0,0.0626310088495575,4539.0,True
2017-08-10 18:41:24-07:00,nifi-nar-bundles/nifi-framework-bundle/nifi-framework/nifi-framework-core/src/main/java/org/apache/nifi/controller/FlowController.java,261.0,22.0,619.0,940.0,8.0,0.0,201.0,0.0979742727272727,0.954545,940.0,0.0624127168141592,4547.0,True
2017-08-17 10:42:29-04:00,nifi-nar-bundles/nifi-framework-bundle/nifi-framework/nifi-framework-core/src/main/java/org/apache/nifi/controller/FlowController.java,264.0,22.0,620.0,944.0,8.0,0.0,201.0,0.0979924545454545,0.954545,944.0,0.0624303362831858,4557.0,True
2017-07-06 13:43:56-04:00,nifi-nar-bundles/nifi-framework-bundle/nifi-framework/nifi-framework-core/src/main/java/org/apache/nifi/controller/service/StandardControllerServiceNode.java,48.0,3.0,72.0,87.0,5.0,0.0,77.0,0.2537024,1.0,87.0,0.0615853658536585,525.0,True
2017-08-17 10:42:29-04:00,nifi-nar-bundles/nifi-framework-bundle/nifi-framework/nifi-framework-core/src/main/java/org/apache/nifi/controller/service/StandardControllerServiceNode.java,49.0,3.0,72.0,93.0,5.0,0.0,80.0,0.25376615,1.0,93.0,0.0615853658536585,526.0,True
2017-07-06 13:43:56-04:00,nifi-nar-bundles/nifi-framework-bundle/nifi-framework/nifi-framework-core/src/main/java/org/apache/nifi/controller/service/StandardControllerServiceProvider.java,45.0,4.0,129.0,110.0,3.0,0.0,26.0,0.02498975,0.0499795,110.0,0.0254946470588235,714.0,True
2017-08-17 10:42:29-04:00,nifi-nar-bundles/nifi-framework-bundle/nifi-framework/nifi-framework-core/src/main/java/org/apache/nifi/controller/service/StandardControllerServiceProvider.java,47.0,7.0,125.0,110.0,3.0,0.0,26.0,0.025165,0.05033,110.0,0.0248521515151515,684.0,True
2017-07-12 16:36:48-04:00,nifi-nar-bundles/nifi-standard-bundle/nifi-standard-processors/src/main/java/org/apache/nifi/processors/standard/merge/RecordBin.java,11.0,10.0,51.0,12.0,0.0,0.0,10.0,0.0,0.0,12.0,0.0,425.0,True
2017-07-18 14:11:37+09:00,nifi-nar-bundles/nifi-standard-bundle/nifi-standard-processors/src/main/java/org/apache/nifi/processors/standard/PutSQL.java,42.0,16.0,134.0,31.0,8.0,1.0,53.0,0.0572909999999999,0.280255,31.0,0.06346834375,1150.0,True
2017-07-21 14:18:11-04:00,nifi-nar-bundles/nifi-framework-bundle/nifi-framework/nifi-client-dto/src/main/java/org/apache/nifi/web/api/dto/status/StatusDescriptorDTO.java,0.0,1.0,16.0,12.0,0.0,0.0,12.0,0.164894,0.164894,12.0,0.0574074166666666,128.0,True
2017-06-09 13:54:10-04:00,nifi-nar-bundles/nifi-framework-bundle/nifi-framework/nifi-authorizer/src/main/java/org/apache/nifi/authorization/AuthorizerFactory.java,70.0,39.0,81.0,140.0,9.0,0.0,53.0,0.8117978333333333,0.9875,140.0,0.7875866964285715,427.0,True
2017-07-24 15:51:27-04:00,nifi-nar-bundles/nifi-framework-bundle/nifi-framework/nifi-authorizer/src/main/java/org/apache/nifi/authorization/AuthorizerFactoryBean.java,25.0,7.0,58.0,41.0,2.0,0.0,12.0,0.5784670000000001,0.6,41.0,0.4200936666666667,451.0,True
2017-06-30 15:12:10-04:00,nifi-nar-bundles/nifi-standard-bundle/nifi-standard-processors/src/main/java/org/apache/nifi/processors/standard/GenerateTableFetch.java,20.0,3.0,38.0,6.0,4.0,0.0,19.0,0.105219,0.105219,6.0,0.1744417833333333,359.0,True
2017-07-27 08:43:00+02:00,nifi-nar-bundles/nifi-standard-bundle/nifi-standard-processors/src/main/java/org/apache/nifi/processors/standard/GenerateTableFetch.java,21.0,3.0,41.0,6.0,4.0,0.0,19.0,0.161341,0.161341,6.0,0.1889256666666666,381.0,True
2017-05-25 14:37:17-04:00,nifi-nar-bundles/nifi-extension-utils/nifi-record-utils/nifi-avro-record-utils/src/main/java/org/apache/nifi/avro/AvroTypeUtil.java,11.0,1.0,137.0,45.0,0.0,0.0,9.0,0.115033,0.115033,45.0,0.1042085714285714,638.0,True
2017-06-07 12:03:53-04:00,nifi-nar-bundles/nifi-extension-utils/nifi-record-utils/nifi-avro-record-utils/src/main/java/org/apache/nifi/avro/AvroTypeUtil.java,11.0,1.0,138.0,45.0,0.0,0.0,9.0,0.0554871,0.0554871,45.0,0.0741110714285714,642.0,True
2017-05-25 14:37:17-04:00,nifi-nar-bundles/nifi-extension-utils/nifi-record-utils/nifi-avro-record-utils/src/main/java/org/apache/nifi/avro/AvroTypeUtil.java,11.0,1.0,137.0,45.0,0.0,0.0,9.0,0.115033,0.115033,45.0,0.1042085714285714,638.0,True
2017-06-07 12:03:53-04:00,nifi-nar-bundles/nifi-extension-utils/nifi-record-utils/nifi-avro-record-utils/src/main/java/org/apache/nifi/avro/AvroTypeUtil.java,11.0,1.0,138.0,45.0,0.0,0.0,9.0,0.0554871,0.0554871,45.0,0.0741110714285714,642.0,True
2017-05-25 14:37:17-04:00,nifi-nar-bundles/nifi-extension-utils/nifi-record-utils/nifi-avro-record-utils/src/main/java/org/apache/nifi/avro/AvroTypeUtil.java,11.0,1.0,137.0,45.0,0.0,0.0,9.0,0.115033,0.115033,45.0,0.1042085714285714,638.0,True
2017-06-07 12:03:53-04:00,nifi-nar-bundles/nifi-extension-utils/nifi-record-utils/nifi-avro-record-utils/src/main/java/org/apache/nifi/avro/AvroTypeUtil.java,11.0,1.0,138.0,45.0,0.0,0.0,9.0,0.0554871,0.0554871,45.0,0.0741110714285714,642.0,True
2017-05-25 14:37:17-04:00,nifi-nar-bundles/nifi-extension-utils/nifi-record-utils/nifi-avro-record-utils/src/main/java/org/apache/nifi/avro/AvroTypeUtil.java,11.0,1.0,137.0,45.0,0.0,0.0,9.0,0.115033,0.115033,45.0,0.1042085714285714,638.0,True
2017-06-07 12:03:53-04:00,nifi-nar-bundles/nifi-extension-utils/nifi-record-utils/nifi-avro-record-utils/src/main/java/org/apache/nifi/avro/AvroTypeUtil.java,11.0,1.0,138.0,45.0,0.0,0.0,9.0,0.0554871,0.0554871,45.0,0.0741110714285714,642.0,True
2017-08-04 14:54:01-04:00,nifi-nar-bundles/nifi-hbase-bundle/nifi-hbase-processors/src/main/java/org/apache/nifi/hbase/PutHBaseRecord.java,32.0,2.0,37.0,66.0,5.0,0.0,20.0,0.02961085,0.0592217,66.0,0.1,332.0,True
2017-08-04 14:54:05-04:00,nifi-nar-bundles/nifi-hbase-bundle/nifi-hbase-processors/src/main/java/org/apache/nifi/hbase/PutHBaseRecord.java,32.0,2.0,46.0,67.0,5.0,0.0,20.0,0.0282258,0.0564516,67.0,0.0909090909090909,350.0,True
2017-08-04 14:54:01-04:00,nifi-nar-bundles/nifi-hbase-bundle/nifi-hbase-processors/src/main/java/org/apache/nifi/hbase/PutHBaseRecord.java,32.0,2.0,37.0,66.0,5.0,0.0,20.0,0.02961085,0.0592217,66.0,0.1,332.0,True
2017-08-04 14:54:05-04:00,nifi-nar-bundles/nifi-hbase-bundle/nifi-hbase-processors/src/main/java/org/apache/nifi/hbase/PutHBaseRecord.java,32.0,2.0,46.0,67.0,5.0,0.0,20.0,0.0282258,0.0564516,67.0,0.0909090909090909,350.0,True
2017-08-07 22:44:11+02:00,nifi-nar-bundles/nifi-standard-bundle/nifi-standard-processors/src/main/java/org/apache/nifi/processors/standard/ListenTCPRecord.java,19.0,5.0,36.0,9.0,4.0,0.0,20.0,0.0465702,0.0465702,9.0,0.1111111111111111,464.0,True
2017-08-07 22:10:27-07:00,nifi-nar-bundles/nifi-mongodb-bundle/nifi-mongodb-processors/src/main/java/org/apache/nifi/processors/mongodb/PutMongoRecord.java,10.0,1.0,10.0,3.0,5.0,0.0,20.0,0.0,0.0,3.0,0.0,167.0,True
2017-08-10 11:15:35-07:00,nifi-nar-bundles/nifi-framework-bundle/nifi-framework/nifi-web/nifi-web-api/src/main/java/org/apache/nifi/web/api/AccessResource.java,34.0,1.0,66.0,69.0,1.0,0.0,22.0,0.201759,0.201759,69.0,0.111525304347826,739.0,True
2017-09-27 16:22:18-04:00,nifi-nar-bundles/nifi-framework-bundle/nifi-framework/nifi-web/nifi-web-api/src/main/java/org/apache/nifi/web/api/AccessResource.java,35.0,1.0,73.0,74.0,1.0,0.0,25.0,0.192289,0.192289,74.0,0.1241038461538461,802.0,True
2017-05-25 16:45:20-04:00,nifi-nar-bundles/nifi-framework-bundle/nifi-framework/nifi-framework-core/src/main/java/org/apache/nifi/controller/FlowController.java,261.0,17.0,602.0,920.0,8.0,0.0,183.0,0.0986314545454545,0.954545,920.0,0.0677253971291866,4461.0,True
2017-07-06 13:43:56-04:00,nifi-nar-bundles/nifi-framework-bundle/nifi-framework/nifi-framework-core/src/main/java/org/apache/nifi/controller/FlowController.java,261.0,22.0,617.0,936.0,8.0,0.0,200.0,0.0984274545454545,0.954545,936.0,0.0626310088495575,4539.0,True
2017-08-10 18:41:24-07:00,nifi-nar-bundles/nifi-framework-bundle/nifi-framework/nifi-framework-core/src/main/java/org/apache/nifi/controller/FlowController.java,261.0,22.0,619.0,940.0,8.0,0.0,201.0,0.0979742727272727,0.954545,940.0,0.0624127168141592,4547.0,True
2017-08-17 10:42:29-04:00,nifi-nar-bundles/nifi-framework-bundle/nifi-framework/nifi-framework-core/src/main/java/org/apache/nifi/controller/FlowController.java,264.0,22.0,620.0,944.0,8.0,0.0,201.0,0.0979924545454545,0.954545,944.0,0.0624303362831858,4557.0,True
2017-05-25 14:37:17-04:00,nifi-nar-bundles/nifi-extension-utils/nifi-record-utils/nifi-avro-record-utils/src/main/java/org/apache/nifi/avro/AvroTypeUtil.java,11.0,1.0,137.0,45.0,0.0,0.0,9.0,0.115033,0.115033,45.0,0.1042085714285714,638.0,True
2017-06-07 12:03:53-04:00,nifi-nar-bundles/nifi-extension-utils/nifi-record-utils/nifi-avro-record-utils/src/main/java/org/apache/nifi/avro/AvroTypeUtil.java,11.0,1.0,138.0,45.0,0.0,0.0,9.0,0.0554871,0.0554871,45.0,0.0741110714285714,642.0,True
2017-08-11 22:01:46-07:00,nifi-nar-bundles/nifi-standard-bundle/nifi-standard-processors/src/main/java/org/apache/nifi/processors/standard/ValidateRecord.java,23.0,6.0,46.0,9.0,4.0,0.0,17.0,0.0386473,0.0386473,9.0,0.1111111111111111,458.0,True
2017-08-11 22:01:46-07:00,nifi-nar-bundles/nifi-standard-services/nifi-record-serialization-services-bundle/nifi-record-serialization-services/src/main/java/org/apache/nifi/csv/CSVReader.java,15.0,2.0,10.0,7.0,4.0,0.0,19.0,0.257075,0.257075,7.0,0.1342364285714285,142.0,True
2017-08-11 22:01:46-07:00,nifi-nar-bundles/nifi-standard-services/nifi-record-serialization-services-bundle/nifi-record-serialization-services/src/main/java/org/apache/nifi/csv/CSVRecordReader.java,6.0,4.0,45.0,7.0,1.0,0.0,6.0,0.0,0.0,7.0,0.0,200.0,True
2017-08-11 22:01:46-07:00,nifi-nar-bundles/nifi-standard-services/nifi-record-serialization-services-bundle/nifi-record-serialization-services/src/main/java/org/apache/nifi/json/WriteJsonResult.java,10.0,10.0,64.0,12.0,3.0,0.0,11.0,0.244538,0.244538,12.0,0.0565035384615384,370.0,True
2017-08-15 11:24:48+09:00,nifi-nar-bundles/nifi-standard-bundle/nifi-standard-processors/src/main/java/org/apache/nifi/processors/standard/FetchFileTransfer.java,12.0,4.0,32.0,10.0,4.0,3.0,22.0,0.0124661333333333,0.0373984,10.0,0.1,359.0,True
2017-08-17 10:42:29-04:00,nifi-nar-bundles/nifi-framework-bundle/nifi-framework/nifi-client-dto/src/main/java/org/apache/nifi/web/api/dto/AffectedComponentDTO.java,0.0,0.0,6.0,6.0,0.0,0.0,6.0,0.0,0.0,6.0,0.0,60.0,True
2017-08-17 10:42:29-04:00,nifi-nar-bundles/nifi-framework-bundle/nifi-framework/nifi-client-dto/src/main/java/org/apache/nifi/web/api/dto/ProcessGroupDTO.java,2.0,0.0,25.0,25.0,1.0,0.0,34.0,0.0,0.0,25.0,0.0,220.0,True
2017-08-17 10:42:29-04:00,nifi-nar-bundles/nifi-framework-bundle/nifi-framework/nifi-client-dto/src/main/java/org/apache/nifi/web/api/dto/VariableRegistryUpdateStepDTO.java,0.0,1.0,7.0,7.0,0.0,0.0,7.0,0.0,0.0,7.0,0.0,60.0,True
2017-08-17 10:42:29-04:00,nifi-nar-bundles/nifi-framework-bundle/nifi-framework/nifi-client-dto/src/main/java/org/apache/nifi/web/api/entity/ActivateControllerServicesEntity.java,2.0,0.0,6.0,6.0,1.0,0.0,6.0,0.0,0.0,6.0,0.0,67.0,True
2017-08-17 10:42:29-04:00,nifi-nar-bundles/nifi-framework-bundle/nifi-framework/nifi-client-dto/src/main/java/org/apache/nifi/web/api/entity/ScheduleComponentsEntity.java,2.0,0.0,6.0,6.0,1.0,0.0,6.0,0.0,0.0,6.0,0.0,82.0,True
2017-08-17 10:42:29-04:00,nifi-nar-bundles/nifi-framework-bundle/nifi-framework/nifi-client-dto/src/main/java/org/apache/nifi/web/api/entity/VariableEntity.java,3.0,0.0,4.0,4.0,1.0,0.0,4.0,0.0,0.0,4.0,0.0,52.0,True
2017-05-25 16:45:20-04:00,nifi-nar-bundles/nifi-framework-bundle/nifi-framework/nifi-framework-core/src/main/java/org/apache/nifi/controller/FlowController.java,261.0,17.0,602.0,920.0,8.0,0.0,183.0,0.0986314545454545,0.954545,920.0,0.0677253971291866,4461.0,True
2017-07-06 13:43:56-04:00,nifi-nar-bundles/nifi-framework-bundle/nifi-framework/nifi-framework-core/src/main/java/org/apache/nifi/controller/FlowController.java,261.0,22.0,617.0,936.0,8.0,0.0,200.0,0.0984274545454545,0.954545,936.0,0.0626310088495575,4539.0,True
2017-08-10 18:41:24-07:00,nifi-nar-bundles/nifi-framework-bundle/nifi-framework/nifi-framework-core/src/main/java/org/apache/nifi/controller/FlowController.java,261.0,22.0,619.0,940.0,8.0,0.0,201.0,0.0979742727272727,0.954545,940.0,0.0624127168141592,4547.0,True
2017-08-17 10:42:29-04:00,nifi-nar-bundles/nifi-framework-bundle/nifi-framework/nifi-framework-core/src/main/java/org/apache/nifi/controller/FlowController.java,264.0,22.0,620.0,944.0,8.0,0.0,201.0,0.0979924545454545,0.954545,944.0,0.0624303362831858,4557.0,True
2017-08-17 10:42:29-04:00,nifi-nar-bundles/nifi-framework-bundle/nifi-framework/nifi-framework-core/src/main/java/org/apache/nifi/controller/scheduling/EventDrivenSchedulingAgent.java,40.0,4.0,53.0,62.0,2.0,0.0,13.0,0.122291,0.140722,62.0,0.0268136875,355.0,True
2017-07-06 13:43:56-04:00,nifi-nar-bundles/nifi-framework-bundle/nifi-framework/nifi-framework-core/src/main/java/org/apache/nifi/controller/service/StandardControllerServiceNode.java,48.0,3.0,72.0,87.0,5.0,0.0,77.0,0.2537024,1.0,87.0,0.0615853658536585,525.0,True
2017-08-17 10:42:29-04:00,nifi-nar-bundles/nifi-framework-bundle/nifi-framework/nifi-framework-core/src/main/java/org/apache/nifi/controller/service/StandardControllerServiceNode.java,49.0,3.0,72.0,93.0,5.0,0.0,80.0,0.25376615,1.0,93.0,0.0615853658536585,526.0,True
2017-07-06 13:43:56-04:00,nifi-nar-bundles/nifi-framework-bundle/nifi-framework/nifi-framework-core/src/main/java/org/apache/nifi/controller/service/StandardControllerServiceProvider.java,45.0,4.0,129.0,110.0,3.0,0.0,26.0,0.02498975,0.0499795,110.0,0.0254946470588235,714.0,True
2017-08-17 10:42:29-04:00,nifi-nar-bundles/nifi-framework-bundle/nifi-framework/nifi-framework-core/src/main/java/org/apache/nifi/controller/service/StandardControllerServiceProvider.java,47.0,7.0,125.0,110.0,3.0,0.0,26.0,0.025165,0.05033,110.0,0.0248521515151515,684.0,True
2017-08-17 10:42:29-04:00,nifi-nar-bundles/nifi-framework-bundle/nifi-framework/nifi-framework-core/src/main/java/org/apache/nifi/groups/StandardProcessGroup.java,66.0,6.0,511.0,334.0,5.0,0.0,130.0,0.0662315,0.264926,334.0,0.1675374591194968,2724.0,True
2017-08-17 10:42:29-04:00,nifi-nar-bundles/nifi-framework-bundle/nifi-framework/nifi-web/nifi-web-api/src/main/java/org/apache/nifi/web/NiFiServiceFacade.java,0.0,0.0,0.0,0.0,0.0,0.0,0.0,0.0,0.0,0.0,0.0,1803.0,True
2017-08-17 10:42:29-04:00,nifi-nar-bundles/nifi-framework-bundle/nifi-framework/nifi-web/nifi-web-api/src/main/java/org/apache/nifi/web/StandardNiFiServiceFacade.java,284.0,10.0,447.0,857.0,13.0,0.0,251.0,0.4963162142857142,1.0,857.0,0.2025981192982456,3710.0,True
2017-08-17 10:42:29-04:00,nifi-nar-bundles/nifi-framework-bundle/nifi-framework/nifi-web/nifi-web-api/src/main/java/org/apache/nifi/web/api/FlowResource.java,87.0,1.0,159.0,213.0,1.0,0.0,52.0,0.504219,0.504219,213.0,0.3445483137254902,2521.0,True
2017-08-17 10:42:29-04:00,nifi-nar-bundles/nifi-framework-bundle/nifi-framework/nifi-web/nifi-web-api/src/main/java/org/apache/nifi/web/api/ProcessGroupResource.java,87.0,5.0,299.0,241.0,2.0,0.0,51.0,0.167633,0.670532,241.0,0.4605549558823529,3386.0,True
2017-09-14 11:12:54-04:00,nifi-nar-bundles/nifi-framework-bundle/nifi-framework/nifi-web/nifi-web-api/src/main/java/org/apache/nifi/web/api/ProcessGroupResource.java,82.0,5.0,305.0,240.0,2.0,0.0,51.0,0.1763825,0.70553,240.0,0.4858263,3528.0,True
2017-08-17 10:42:29-04:00,nifi-nar-bundles/nifi-framework-bundle/nifi-framework/nifi-web/nifi-web-api/src/main/java/org/apache/nifi/web/api/dto/DtoFactory.java,232.0,36.0,405.0,1391.0,0.0,0.0,101.0,0.330603,1.0,1391.0,0.1792032016129032,3499.0,True
2017-09-14 11:12:54-04:00,nifi-nar-bundles/nifi-framework-bundle/nifi-framework/nifi-web/nifi-web-api/src/main/java/org/apache/nifi/web/api/dto/DtoFactory.java,234.0,37.0,411.0,1401.0,0.0,0.0,102.0,0.3303661,1.0,1401.0,0.178523912,3530.0,True
2017-08-28 11:31:03-04:00,nifi-nar-bundles/nifi-extension-utils/nifi-processor-utils/src/main/java/org/apache/nifi/processor/util/list/AbstractListProcessor.java,30.0,3.0,74.0,59.0,5.0,4.0,22.0,0.0,0.0,59.0,0.0,591.0,True
2017-08-28 11:31:04-04:00,nifi-nar-bundles/nifi-extension-utils/nifi-processor-utils/src/main/java/org/apache/nifi/processor/util/list/AbstractListProcessor.java,30.0,3.0,82.0,61.0,5.0,4.0,22.0,0.0,0.0,61.0,0.0,624.0,True
2017-08-28 11:31:03-04:00,nifi-nar-bundles/nifi-extension-utils/nifi-processor-utils/src/main/java/org/apache/nifi/processor/util/list/AbstractListProcessor.java,30.0,3.0,74.0,59.0,5.0,4.0,22.0,0.0,0.0,59.0,0.0,591.0,True
2017-08-28 11:31:04-04:00,nifi-nar-bundles/nifi-extension-utils/nifi-processor-utils/src/main/java/org/apache/nifi/processor/util/list/AbstractListProcessor.java,30.0,3.0,82.0,61.0,5.0,4.0,22.0,0.0,0.0,61.0,0.0,624.0,True
2017-06-30 15:12:10-04:00,nifi-nar-bundles/nifi-standard-bundle/nifi-standard-processors/src/main/java/org/apache/nifi/processors/standard/GenerateTableFetch.java,20.0,3.0,38.0,6.0,4.0,0.0,19.0,0.105219,0.105219,6.0,0.1744417833333333,359.0,True
2017-07-27 08:43:00+02:00,nifi-nar-bundles/nifi-standard-bundle/nifi-standard-processors/src/main/java/org/apache/nifi/processors/standard/GenerateTableFetch.java,21.0,3.0,41.0,6.0,4.0,0.0,19.0,0.161341,0.161341,6.0,0.1889256666666666,381.0,True
2017-06-30 15:12:10-04:00,nifi-nar-bundles/nifi-standard-bundle/nifi-standard-processors/src/main/java/org/apache/nifi/processors/standard/GenerateTableFetch.java,20.0,3.0,38.0,6.0,4.0,0.0,19.0,0.105219,0.105219,6.0,0.1744417833333333,359.0,True
2017-07-27 08:43:00+02:00,nifi-nar-bundles/nifi-standard-bundle/nifi-standard-processors/src/main/java/org/apache/nifi/processors/standard/GenerateTableFetch.java,21.0,3.0,41.0,6.0,4.0,0.0,19.0,0.161341,0.161341,6.0,0.1889256666666666,381.0,True
2017-09-08 12:37:40-04:00,nifi-nar-bundles/nifi-kafka-bundle/nifi-kafka-0-10-processors/src/main/java/org/apache/nifi/processors/kafka/pubsub/PublisherLease.java,7.0,8.0,30.0,10.0,0.0,0.0,6.0,0.7071715000000001,1.0,10.0,0.349248,198.0,True
2017-06-09 16:13:25-04:00,nifi-nar-bundles/nifi-standard-bundle/nifi-standard-processors/src/main/java/org/apache/nifi/processors/standard/QueryRecord.java,26.0,14.0,64.0,26.0,5.0,0.0,31.0,0.0,0.0,26.0,0.0,598.0,True
2017-09-10 22:50:37-04:00,nifi-nar-bundles/nifi-standard-bundle/nifi-standard-processors/src/main/java/org/apache/nifi/processors/standard/InvokeHTTP.java,19.0,14.0,128.0,25.0,4.0,0.0,22.0,0.0203085,0.0609255,25.0,0.0661537599999999,1115.0,True
2017-08-17 10:42:29-04:00,nifi-nar-bundles/nifi-framework-bundle/nifi-framework/nifi-web/nifi-web-api/src/main/java/org/apache/nifi/web/StandardNiFiServiceFacade.java,284.0,10.0,447.0,857.0,13.0,0.0,251.0,0.4963162142857142,1.0,857.0,0.2025981192982456,3710.0,True
2017-08-17 10:42:29-04:00,nifi-nar-bundles/nifi-framework-bundle/nifi-framework/nifi-web/nifi-web-api/src/main/java/org/apache/nifi/web/api/ProcessGroupResource.java,87.0,5.0,299.0,241.0,2.0,0.0,51.0,0.167633,0.670532,241.0,0.4605549558823529,3386.0,True
2017-09-14 11:12:54-04:00,nifi-nar-bundles/nifi-framework-bundle/nifi-framework/nifi-web/nifi-web-api/src/main/java/org/apache/nifi/web/api/ProcessGroupResource.java,82.0,5.0,305.0,240.0,2.0,0.0,51.0,0.1763825,0.70553,240.0,0.4858263,3528.0,True
2017-08-17 10:42:29-04:00,nifi-nar-bundles/nifi-framework-bundle/nifi-framework/nifi-web/nifi-web-api/src/main/java/org/apache/nifi/web/api/dto/DtoFactory.java,232.0,36.0,405.0,1391.0,0.0,0.0,101.0,0.330603,1.0,1391.0,0.1792032016129032,3499.0,True
2017-09-14 11:12:54-04:00,nifi-nar-bundles/nifi-framework-bundle/nifi-framework/nifi-web/nifi-web-api/src/main/java/org/apache/nifi/web/api/dto/DtoFactory.java,234.0,37.0,411.0,1401.0,0.0,0.0,102.0,0.3303661,1.0,1401.0,0.178523912,3530.0,True
2017-06-09 16:13:25-04:00,nifi-nar-bundles/nifi-standard-bundle/nifi-standard-processors/src/main/java/org/apache/nifi/processors/standard/QueryRecord.java,26.0,14.0,64.0,26.0,5.0,0.0,31.0,0.0,0.0,26.0,0.0,598.0,True
2017-06-30 15:12:10-04:00,nifi-nar-bundles/nifi-standard-bundle/nifi-standard-processors/src/main/java/org/apache/nifi/processors/standard/GenerateTableFetch.java,20.0,3.0,38.0,6.0,4.0,0.0,19.0,0.105219,0.105219,6.0,0.1744417833333333,359.0,True
2017-07-27 08:43:00+02:00,nifi-nar-bundles/nifi-standard-bundle/nifi-standard-processors/src/main/java/org/apache/nifi/processors/standard/GenerateTableFetch.java,21.0,3.0,41.0,6.0,4.0,0.0,19.0,0.161341,0.161341,6.0,0.1889256666666666,381.0,True
2017-09-22 22:08:19-04:00,nifi-nar-bundles/nifi-kafka-bundle/nifi-kafka-0-11-processors/src/main/java/org/apache/nifi/processors/kafka/pubsub/ConsumerLease.java,11.0,24.0,79.0,32.0,0.0,0.0,9.0,0.2585113333333333,0.545904,32.0,0.34728971875,692.0,True
2017-10-06 15:03:37-04:00,nifi-nar-bundles/nifi-kafka-bundle/nifi-kafka-0-11-processors/src/main/java/org/apache/nifi/processors/kafka/pubsub/ConsumerLease.java,11.0,24.0,82.0,32.0,0.0,0.0,9.0,0.234769,0.474677,32.0,0.31806496875,701.0,True
2017-09-26 18:48:19-07:00,nifi-nar-bundles/nifi-standard-bundle/nifi-standard-processors/src/main/java/org/apache/nifi/processors/standard/HandleHttpRequest.java,18.0,8.0,69.0,16.0,4.0,0.0,24.0,0.0179533333333333,0.05386,16.0,0.051837125,689.0,True
2017-08-10 11:15:35-07:00,nifi-nar-bundles/nifi-framework-bundle/nifi-framework/nifi-web/nifi-web-api/src/main/java/org/apache/nifi/web/api/AccessResource.java,34.0,1.0,66.0,69.0,1.0,0.0,22.0,0.201759,0.201759,69.0,0.111525304347826,739.0,True
2017-09-27 16:22:18-04:00,nifi-nar-bundles/nifi-framework-bundle/nifi-framework/nifi-web/nifi-web-api/src/main/java/org/apache/nifi/web/api/AccessResource.java,35.0,1.0,73.0,74.0,1.0,0.0,25.0,0.192289,0.192289,74.0,0.1241038461538461,802.0,True
2017-06-30 17:56:14+09:00,nifi-nar-bundles/nifi-kafka-bundle/nifi-kafka-0-10-processors/src/main/java/org/apache/nifi/processors/kafka/pubsub/ConsumerLease.java,10.0,24.0,72.0,31.0,0.0,2.0,9.0,0.1663346666666666,0.306931,31.0,0.1811059677419355,651.0,True
2017-10-02 15:40:29-04:00,nifi-nar-bundles/nifi-kafka-bundle/nifi-kafka-0-10-processors/src/main/java/org/apache/nifi/processors/kafka/pubsub/ConsumerLease.java,10.0,22.0,71.0,29.0,0.0,3.0,9.0,0.3178673333333333,0.646671,29.0,0.407157724137931,649.0,True
2017-09-22 22:08:19-04:00,nifi-nar-bundles/nifi-kafka-bundle/nifi-kafka-0-11-processors/src/main/java/org/apache/nifi/processors/kafka/pubsub/ConsumerLease.java,11.0,24.0,79.0,32.0,0.0,0.0,9.0,0.2585113333333333,0.545904,32.0,0.34728971875,692.0,True
2017-10-06 15:03:37-04:00,nifi-nar-bundles/nifi-kafka-bundle/nifi-kafka-0-11-processors/src/main/java/org/apache/nifi/processors/kafka/pubsub/ConsumerLease.java,11.0,24.0,82.0,32.0,0.0,0.0,9.0,0.234769,0.474677,32.0,0.31806496875,701.0,True
2017-05-26 21:05:45-05:00,nifi-nar-bundles/nifi-site-to-site-reporting-bundle/nifi-site-to-site-reporting-task/src/main/java/org/apache/nifi/reporting/SiteToSiteProvenanceReportingTask.java,14.0,12.0,68.0,13.0,4.0,1.0,15.0,0.110699,0.110699,13.0,0.0219031538461538,482.0,True
